#
# TABLE STRUCTURE FOR: Chat
#

DROP TABLE IF EXISTS `Chat`;

CREATE TABLE `Chat` (
  `id` int(11) NOT NULL AUTO_INCREMENT,
  `ChatName` varchar(30) COLLATE utf8mb4_unicode_ci NOT NULL,
  `message` varchar(500) COLLATE utf8mb4_unicode_ci NOT NULL,
  `admin_id` int(11) NOT NULL,
  PRIMARY KEY (`id`),
  KEY `admin_id` (`admin_id`),
  CONSTRAINT `Chat_ibfk_1` FOREIGN KEY (`admin_id`) REFERENCES `User` (`id`)
) ENGINE=InnoDB AUTO_INCREMENT=101 DEFAULT CHARSET=utf8mb4 COLLATE=utf8mb4_unicode_ci;

INSERT INTO `Chat` (`id`, `ChatName`, `message`, `admin_id`) VALUES (1, 'saepe', 'Itaque eum quisquam asperiores ad natus impedit eaque. Qui quis illo qui. Delectus maxime autem omnis eos.', 95);
INSERT INTO `Chat` (`id`, `ChatName`, `message`, `admin_id`) VALUES (2, 'molestiae', 'Voluptatem earum sit quis pariatur. Soluta dignissimos distinctio quo dolor voluptates error ullam quo. Ut eos et omnis iure voluptatibus atque tempore beatae.', 71);
INSERT INTO `Chat` (`id`, `ChatName`, `message`, `admin_id`) VALUES (3, 'dolor', 'Sequi quibusdam vel quidem autem quam. Reiciendis fuga nisi qui omnis ut. Repellendus necessitatibus est saepe quidem culpa.', 72);
INSERT INTO `Chat` (`id`, `ChatName`, `message`, `admin_id`) VALUES (4, 'dolorem', 'Nostrum blanditiis sit sed nulla minima rem est. Ut ad alias qui nesciunt. A beatae deserunt quia sequi aut. Voluptatem facere et adipisci nisi.', 82);
INSERT INTO `Chat` (`id`, `ChatName`, `message`, `admin_id`) VALUES (5, 'debitis', 'Laborum tenetur quas qui. Est dolorem ipsa nam cupiditate. Beatae inventore odio ullam odit veritatis.', 82);
INSERT INTO `Chat` (`id`, `ChatName`, `message`, `admin_id`) VALUES (6, 'voluptatem', 'Provident sunt modi consequuntur nemo. Qui dolores necessitatibus necessitatibus labore dolorem. Maiores vitae asperiores doloremque. Qui ut eaque corrupti.', 39);
INSERT INTO `Chat` (`id`, `ChatName`, `message`, `admin_id`) VALUES (7, 'maxime', 'Eos ducimus ut beatae. Velit distinctio voluptatem excepturi et nostrum blanditiis esse voluptatibus.', 12);
INSERT INTO `Chat` (`id`, `ChatName`, `message`, `admin_id`) VALUES (8, 'excepturi', 'Quia iure ea ut est laudantium tempore voluptatibus. Aut dignissimos eos vel ea. Quo nobis magni repellat. Inventore deserunt in neque quia fugit.', 19);
INSERT INTO `Chat` (`id`, `ChatName`, `message`, `admin_id`) VALUES (9, 'consectetur', 'Sint voluptatem voluptatem et repellat quisquam libero. Facilis in quia optio et. Debitis corrupti impedit eum amet qui pariatur.', 64);
INSERT INTO `Chat` (`id`, `ChatName`, `message`, `admin_id`) VALUES (10, 'amet', 'Unde cum similique qui ullam. Fuga enim temporibus enim sed et et. Possimus aspernatur aut ipsum suscipit cupiditate sed maxime. Doloribus ut repellat labore sit.', 16);
INSERT INTO `Chat` (`id`, `ChatName`, `message`, `admin_id`) VALUES (11, 'incidunt', 'Est qui ipsam asperiores explicabo. Magnam aut laborum est aperiam et cum aut. Consequatur aliquam eius aut aspernatur maiores perspiciatis quibusdam.', 84);
INSERT INTO `Chat` (`id`, `ChatName`, `message`, `admin_id`) VALUES (12, 'quam', 'Rerum ducimus adipisci sit. Qui quaerat cumque aut ut et. Et enim eos et quis explicabo et sed. Quas voluptatem dolorem illo delectus quidem labore quas.', 66);
INSERT INTO `Chat` (`id`, `ChatName`, `message`, `admin_id`) VALUES (13, 'dignissimos', 'Corporis consequatur aut voluptate. Similique odio animi nam voluptatem. Et quis et laboriosam accusantium velit laboriosam et. At commodi aliquid laboriosam iure quibusdam error eligendi. Voluptatibus ipsa delectus voluptate laudantium hic eius.', 46);
INSERT INTO `Chat` (`id`, `ChatName`, `message`, `admin_id`) VALUES (14, 'quibusdam', 'Laudantium ut aut porro est dolore veniam. Dolor qui quis natus beatae et. Aliquid est at temporibus esse. Velit voluptatum sed saepe.', 91);
INSERT INTO `Chat` (`id`, `ChatName`, `message`, `admin_id`) VALUES (15, 'commodi', 'Voluptas accusamus doloribus deleniti ut et. Voluptatibus quia vero quia a iure. Laboriosam eum earum pariatur exercitationem.', 87);
INSERT INTO `Chat` (`id`, `ChatName`, `message`, `admin_id`) VALUES (16, 'alias', 'Quasi tenetur nobis porro. Ut commodi reprehenderit et ut accusantium. Quaerat libero velit dolorem.', 41);
INSERT INTO `Chat` (`id`, `ChatName`, `message`, `admin_id`) VALUES (17, 'enim', 'Nam dicta deleniti maiores incidunt animi. Voluptatem commodi aut molestias dolores placeat. Nesciunt consectetur sequi aut sed. Voluptatem voluptatum quae ut dolor et beatae.', 85);
INSERT INTO `Chat` (`id`, `ChatName`, `message`, `admin_id`) VALUES (18, 'unde', 'Dolorem ipsam provident ab voluptas. Natus sint nam doloremque et labore. Nam voluptatum error nobis aspernatur.', 15);
INSERT INTO `Chat` (`id`, `ChatName`, `message`, `admin_id`) VALUES (19, 'a', 'Omnis eaque qui id. Et provident sit accusamus dolores. In occaecati id debitis libero ea ut.', 23);
INSERT INTO `Chat` (`id`, `ChatName`, `message`, `admin_id`) VALUES (20, 'voluptatem', 'Ut laboriosam sequi eum ratione est. Error quia et qui non. Architecto eum explicabo eum adipisci.', 96);
INSERT INTO `Chat` (`id`, `ChatName`, `message`, `admin_id`) VALUES (21, 'qui', 'Ducimus officiis enim cumque excepturi ratione. Quis dicta atque velit. In delectus suscipit quibusdam et similique nesciunt nostrum. Optio magni voluptas sunt.', 42);
INSERT INTO `Chat` (`id`, `ChatName`, `message`, `admin_id`) VALUES (22, 'inventore', 'Minima ipsum provident placeat aut ex earum. Qui magnam qui aut ipsa nostrum officiis. Aperiam vitae nobis occaecati doloremque nihil totam autem. Eos exercitationem est tempora placeat ut veniam doloremque modi.', 10);
INSERT INTO `Chat` (`id`, `ChatName`, `message`, `admin_id`) VALUES (23, 'quis', 'Dignissimos reiciendis eligendi consequuntur. Numquam quis itaque aut sint. Sit adipisci expedita aut ut necessitatibus. Fuga sed quis et corrupti ullam.', 51);
INSERT INTO `Chat` (`id`, `ChatName`, `message`, `admin_id`) VALUES (24, 'natus', 'Possimus aliquam consectetur ducimus ab quo id. Rerum sunt exercitationem aut sequi esse ab. Cumque occaecati numquam maiores sint. Iusto qui sint quaerat odio.', 11);
INSERT INTO `Chat` (`id`, `ChatName`, `message`, `admin_id`) VALUES (25, 'est', 'Tenetur dolorum cum et quis ut. Sed voluptates a consectetur animi saepe ad impedit quibusdam. Nostrum cum voluptatem quia voluptatibus illo sapiente.', 67);
INSERT INTO `Chat` (`id`, `ChatName`, `message`, `admin_id`) VALUES (26, 'sed', 'Vitae rerum sequi veniam et laudantium. Dolor impedit laboriosam nam quasi iusto. Voluptatibus porro ut nulla nesciunt exercitationem eum.', 32);
INSERT INTO `Chat` (`id`, `ChatName`, `message`, `admin_id`) VALUES (27, 'reiciendis', 'Rem vero et in exercitationem. Illo maxime sit et omnis. Nostrum quos qui sed ea ut aut.', 87);
INSERT INTO `Chat` (`id`, `ChatName`, `message`, `admin_id`) VALUES (28, 'sed', 'Quo nihil recusandae nesciunt sapiente at. Iure maxime non hic aut maxime minima aut. Suscipit harum fuga officia temporibus. Esse id ut laudantium inventore qui id iusto adipisci.', 82);
INSERT INTO `Chat` (`id`, `ChatName`, `message`, `admin_id`) VALUES (29, 'voluptatibus', 'Voluptates non iure officiis ut cumque et aut praesentium. Fugiat temporibus aut et quam quia modi consequatur. Ullam ut perferendis optio ex beatae mollitia quae. Asperiores quia eligendi qui quod odio. Itaque aut blanditiis in libero.', 30);
INSERT INTO `Chat` (`id`, `ChatName`, `message`, `admin_id`) VALUES (30, 'dignissimos', 'Nostrum perferendis enim omnis. Et voluptas dolor velit. Et et molestiae in nemo voluptas exercitationem.', 76);
INSERT INTO `Chat` (`id`, `ChatName`, `message`, `admin_id`) VALUES (31, 'neque', 'Quia facere nesciunt nemo voluptatem. Voluptatem facilis voluptatum aut ut nihil nemo iusto. Animi accusamus laudantium voluptas quo autem.', 60);
INSERT INTO `Chat` (`id`, `ChatName`, `message`, `admin_id`) VALUES (32, 'optio', 'Consectetur debitis quos ipsum sit. Dolorum eum saepe facere sit nam et. Temporibus ut vitae perspiciatis mollitia rerum odit. Eligendi ab illum eum laboriosam voluptatum in.', 25);
INSERT INTO `Chat` (`id`, `ChatName`, `message`, `admin_id`) VALUES (33, 'similique', 'Fuga ducimus debitis unde est hic aut. Quaerat facilis modi in iste aspernatur ea. Sint explicabo neque porro iste nulla hic quis. Sit sequi ea assumenda qui cupiditate.', 47);
INSERT INTO `Chat` (`id`, `ChatName`, `message`, `admin_id`) VALUES (34, 'saepe', 'Nostrum eaque voluptatem similique ducimus ut earum. Voluptas et magni ea corporis minus doloribus minima. Dolor impedit quos earum nostrum ipsa occaecati. Rem amet dolorum earum aliquam.', 31);
INSERT INTO `Chat` (`id`, `ChatName`, `message`, `admin_id`) VALUES (35, 'aspernatur', 'Pariatur sint culpa qui fuga. Ut et aut ducimus non. Est sed qui odio autem beatae natus et.', 6);
INSERT INTO `Chat` (`id`, `ChatName`, `message`, `admin_id`) VALUES (36, 'similique', 'Deleniti labore quibusdam cumque totam eos laboriosam facilis non. Aut minus corrupti aut nobis dignissimos consequuntur ad. Labore repellat vitae repellendus iusto facere qui. Ut velit quidem animi optio labore autem sapiente.', 28);
INSERT INTO `Chat` (`id`, `ChatName`, `message`, `admin_id`) VALUES (37, 'eos', 'Rerum nihil voluptatibus ut quia repudiandae quo dolores et. Hic ab repellat dolorem. Voluptas quasi aliquid occaecati labore. Provident soluta ut occaecati ut esse aut nisi.', 70);
INSERT INTO `Chat` (`id`, `ChatName`, `message`, `admin_id`) VALUES (38, 'tempore', 'Et saepe quas voluptas ex. Aut nam ea velit quidem sed. Totam quae inventore autem temporibus.', 17);
INSERT INTO `Chat` (`id`, `ChatName`, `message`, `admin_id`) VALUES (39, 'fugiat', 'Tenetur minima delectus autem et reprehenderit sed. Vel incidunt laudantium ut dolor reprehenderit. Est quam non laudantium vel reiciendis quo quia eius.', 47);
INSERT INTO `Chat` (`id`, `ChatName`, `message`, `admin_id`) VALUES (40, 'blanditiis', 'Sint sed adipisci earum illum voluptatum rerum dolores. Vitae quis et dolores enim nulla ea. Praesentium dolorem ex dolor in sint.', 33);
INSERT INTO `Chat` (`id`, `ChatName`, `message`, `admin_id`) VALUES (41, 'accusamus', 'Natus illum beatae eos ex. Provident sit velit ea molestiae blanditiis eum neque deserunt. Tenetur nemo ea at nobis dolorem.', 33);
INSERT INTO `Chat` (`id`, `ChatName`, `message`, `admin_id`) VALUES (42, 'veniam', 'Iusto voluptas nostrum eum. Sunt quia qui voluptatem. Nisi libero cum aspernatur est officia. Velit et quam et. Minus nulla fugit harum.', 31);
INSERT INTO `Chat` (`id`, `ChatName`, `message`, `admin_id`) VALUES (43, 'provident', 'Tenetur reprehenderit rerum iusto ea aut. Vel saepe laboriosam similique voluptas libero debitis. Eos saepe rerum aut a libero in placeat.', 99);
INSERT INTO `Chat` (`id`, `ChatName`, `message`, `admin_id`) VALUES (44, 'ea', 'Reprehenderit doloribus voluptas ipsam. Ut architecto voluptate sit non recusandae sed nulla.', 78);
INSERT INTO `Chat` (`id`, `ChatName`, `message`, `admin_id`) VALUES (45, 'quas', 'Molestias rerum quibusdam error ullam et inventore sequi. Velit at itaque fuga quia et cumque dolorem. Ut aut laboriosam et cum dolores. Est architecto qui quia ab.', 22);
INSERT INTO `Chat` (`id`, `ChatName`, `message`, `admin_id`) VALUES (46, 'commodi', 'Eum molestiae illo id aut a. Quos debitis provident minima a et id. Iusto molestiae quaerat quo soluta cumque ea voluptatum sunt.', 86);
INSERT INTO `Chat` (`id`, `ChatName`, `message`, `admin_id`) VALUES (47, 'ea', 'Ut eos ipsa dolore eveniet. Dolor perspiciatis enim recusandae vero molestiae sit. Dignissimos sed et maiores eum.', 18);
INSERT INTO `Chat` (`id`, `ChatName`, `message`, `admin_id`) VALUES (48, 'et', 'Qui voluptate quibusdam et veritatis et nihil. Natus sit qui maiores voluptatum. Quia vel impedit illum.', 6);
INSERT INTO `Chat` (`id`, `ChatName`, `message`, `admin_id`) VALUES (49, 'voluptatem', 'Quia odio dignissimos distinctio autem qui. Est id aut rerum quae veniam.', 1);
INSERT INTO `Chat` (`id`, `ChatName`, `message`, `admin_id`) VALUES (50, 'sint', 'Asperiores sunt illo impedit doloribus vel quidem. Odio in ut quasi. Quisquam aspernatur libero vel illo voluptas.', 41);
INSERT INTO `Chat` (`id`, `ChatName`, `message`, `admin_id`) VALUES (51, 'quam', 'Corporis molestiae harum quo voluptas dolores enim dicta. Et ea occaecati nam molestias saepe. Cumque inventore accusantium qui. Ipsum facilis porro nihil saepe officia et. Sint et laborum est et.', 1);
INSERT INTO `Chat` (`id`, `ChatName`, `message`, `admin_id`) VALUES (52, 'ut', 'Ipsa nisi et est quo aut aspernatur sequi. Autem molestiae libero voluptatem aut. Ea officia consequatur quis.', 42);
INSERT INTO `Chat` (`id`, `ChatName`, `message`, `admin_id`) VALUES (53, 'iste', 'Quis ipsa est natus enim et. Soluta praesentium non voluptatem ea velit. Iure expedita id non nulla odit voluptatum rerum ut.', 51);
INSERT INTO `Chat` (`id`, `ChatName`, `message`, `admin_id`) VALUES (54, 'ea', 'Quia eos qui quia suscipit cumque voluptatem suscipit et. Ex nesciunt sed aliquid id tempore eos. Nemo voluptatibus ut ipsam. Incidunt magnam itaque a ea beatae optio.', 52);
INSERT INTO `Chat` (`id`, `ChatName`, `message`, `admin_id`) VALUES (55, 'asperiores', 'Alias consequuntur quo excepturi reiciendis qui ex nihil recusandae. Ex quis dolores voluptatem. Delectus suscipit labore magni aliquam. Suscipit possimus in hic et adipisci incidunt maiores.', 52);
INSERT INTO `Chat` (`id`, `ChatName`, `message`, `admin_id`) VALUES (56, 'perferendis', 'Nostrum dolor saepe temporibus id ex dolorem. Autem odio sed vel quo omnis necessitatibus.', 17);
INSERT INTO `Chat` (`id`, `ChatName`, `message`, `admin_id`) VALUES (57, 'atque', 'Velit saepe et id dolorum et. Sequi quam asperiores ad enim possimus. Et perferendis quas illo et. Aut adipisci atque et et molestiae.', 83);
INSERT INTO `Chat` (`id`, `ChatName`, `message`, `admin_id`) VALUES (58, 'quia', 'Labore accusamus rem voluptates adipisci fuga necessitatibus ad. Qui aut fugit quisquam rem enim. Aliquam eum nam non nam magnam. Consectetur perferendis officia reprehenderit aut consequatur incidunt rerum quasi.', 39);
INSERT INTO `Chat` (`id`, `ChatName`, `message`, `admin_id`) VALUES (59, 'iste', 'Quos eligendi possimus sit et et. Molestiae voluptatem quas et et quos id. Minima nisi impedit voluptates sit voluptatem sapiente. Et nihil quaerat ipsa quibusdam in.', 99);
INSERT INTO `Chat` (`id`, `ChatName`, `message`, `admin_id`) VALUES (60, 'aut', 'Consequatur reiciendis perferendis molestias qui. Delectus cum optio perspiciatis excepturi inventore assumenda. Dolorem excepturi in ad consequatur est. In tempore quod quas qui.', 13);
INSERT INTO `Chat` (`id`, `ChatName`, `message`, `admin_id`) VALUES (61, 'praesentium', 'Perferendis sunt provident adipisci similique laborum nostrum. Qui ab ex ratione vero eos iste. Molestiae maiores cupiditate recusandae voluptatem. Dolor esse totam in et ullam voluptatem.', 15);
INSERT INTO `Chat` (`id`, `ChatName`, `message`, `admin_id`) VALUES (62, 'voluptatibus', 'Sit quibusdam quia natus odio est est. Non doloremque qui possimus optio autem explicabo. Necessitatibus delectus deleniti officia at. Fugiat excepturi velit blanditiis debitis laborum expedita.', 58);
INSERT INTO `Chat` (`id`, `ChatName`, `message`, `admin_id`) VALUES (63, 'sunt', 'Esse earum eos quis corrupti. Amet qui reiciendis nihil possimus omnis unde.', 37);
INSERT INTO `Chat` (`id`, `ChatName`, `message`, `admin_id`) VALUES (64, 'molestiae', 'At maiores id ipsa et. Velit nihil quis hic nesciunt ut. Aut a voluptate rem quasi dolores nihil.', 61);
INSERT INTO `Chat` (`id`, `ChatName`, `message`, `admin_id`) VALUES (65, 'dolorem', 'Et non porro corporis a. Tenetur quam quo rerum et. Laudantium atque alias dolorum. Commodi nesciunt rerum magni provident.', 89);
INSERT INTO `Chat` (`id`, `ChatName`, `message`, `admin_id`) VALUES (66, 'doloremque', 'Provident perspiciatis et alias eum perspiciatis ducimus. Qui eius at quia repellendus tempora. Optio modi nihil sit.', 43);
INSERT INTO `Chat` (`id`, `ChatName`, `message`, `admin_id`) VALUES (67, 'et', 'Eveniet enim dignissimos possimus laudantium tenetur et amet. Vel pariatur reprehenderit harum dolor quod eum earum officiis. Et possimus iste iure nesciunt.', 89);
INSERT INTO `Chat` (`id`, `ChatName`, `message`, `admin_id`) VALUES (68, 'odio', 'Et earum qui rerum eligendi. Aut dolore doloribus maiores velit. Modi temporibus qui molestiae adipisci.', 58);
INSERT INTO `Chat` (`id`, `ChatName`, `message`, `admin_id`) VALUES (69, 'aut', 'Optio rerum fugiat illum et blanditiis debitis. Ipsam tempora corporis consequatur sed eveniet corrupti non dignissimos. Voluptas alias nihil perspiciatis quia. Mollitia aspernatur illum esse voluptatem asperiores qui voluptatibus.', 60);
INSERT INTO `Chat` (`id`, `ChatName`, `message`, `admin_id`) VALUES (70, 'ea', 'Ea voluptatum recusandae iste assumenda ipsa maxime. Et nostrum voluptate et necessitatibus.', 36);
INSERT INTO `Chat` (`id`, `ChatName`, `message`, `admin_id`) VALUES (71, 'quia', 'Eos facere laboriosam consequatur a. Eos enim unde mollitia ut. Consequatur ut facere officia exercitationem ea possimus dolores dolor.', 91);
INSERT INTO `Chat` (`id`, `ChatName`, `message`, `admin_id`) VALUES (72, 'optio', 'Nihil labore illum explicabo et vero labore. Asperiores error qui exercitationem accusamus nostrum quaerat. Eligendi voluptas qui perspiciatis sit sed illo dolores.', 93);
INSERT INTO `Chat` (`id`, `ChatName`, `message`, `admin_id`) VALUES (73, 'quibusdam', 'Saepe eos et fuga dignissimos exercitationem. Sit sunt est qui ipsum nihil laborum ipsam. Quia repudiandae est beatae maxime.', 67);
INSERT INTO `Chat` (`id`, `ChatName`, `message`, `admin_id`) VALUES (74, 'ut', 'Illum ea et maxime ex dolore. Voluptatibus quis repudiandae perspiciatis blanditiis architecto dolores dolore. Quo et quas aspernatur est autem iusto et a.', 90);
INSERT INTO `Chat` (`id`, `ChatName`, `message`, `admin_id`) VALUES (75, 'quo', 'Magnam sunt voluptates dolor vel suscipit ullam. Quis quisquam sapiente est molestiae. Odio sint aperiam non consequatur id vel nemo. Sunt eum dolore natus ut corporis corporis similique.', 70);
INSERT INTO `Chat` (`id`, `ChatName`, `message`, `admin_id`) VALUES (76, 'eaque', 'Odit a vel dolorem officiis quibusdam qui. Veritatis consequuntur soluta accusamus tempore. Quam et non nemo facere. Exercitationem quis doloremque quos corrupti nihil.', 88);
INSERT INTO `Chat` (`id`, `ChatName`, `message`, `admin_id`) VALUES (77, 'soluta', 'Reprehenderit sequi optio ullam nihil. Neque sit voluptatum autem facere sed ad iusto. Perspiciatis porro sit sit aperiam quia et.', 75);
INSERT INTO `Chat` (`id`, `ChatName`, `message`, `admin_id`) VALUES (78, 'veniam', 'Voluptatem deleniti et et illum. Dolorum optio quas sit reiciendis. Excepturi occaecati commodi laborum perspiciatis dolore.', 88);
INSERT INTO `Chat` (`id`, `ChatName`, `message`, `admin_id`) VALUES (79, 'et', 'Ipsum architecto recusandae aliquid voluptatum voluptatem dolorum. Non quae aut dolorem explicabo. Est sed magni quam in consectetur nemo omnis.', 94);
INSERT INTO `Chat` (`id`, `ChatName`, `message`, `admin_id`) VALUES (80, 'sequi', 'Qui illum dolorem magnam iusto a officiis quia accusantium. Quo voluptatem necessitatibus voluptatibus et sed quia. Ullam esse fuga ab nam architecto cum esse dolore. Repellendus molestiae ut placeat enim.', 75);
INSERT INTO `Chat` (`id`, `ChatName`, `message`, `admin_id`) VALUES (81, 'quis', 'Veritatis aut quasi velit est eum accusantium. Suscipit et quod nulla similique. Dicta omnis soluta reprehenderit. Exercitationem non id quas dicta et est maxime.', 29);
INSERT INTO `Chat` (`id`, `ChatName`, `message`, `admin_id`) VALUES (82, 'hic', 'Et ea enim illo eveniet optio dolores. Itaque quas delectus laudantium laborum. Eum eligendi quisquam impedit unde nam doloribus.', 94);
INSERT INTO `Chat` (`id`, `ChatName`, `message`, `admin_id`) VALUES (83, 'perferendis', 'Ut odit atque non vel excepturi nisi repudiandae. Atque autem voluptate assumenda ut non officiis culpa provident. Fuga et aut molestiae ut natus.', 16);
INSERT INTO `Chat` (`id`, `ChatName`, `message`, `admin_id`) VALUES (84, 'veritatis', 'Ipsa eos labore quasi maxime sed aut. Ipsa quibusdam aperiam error aliquam omnis laudantium ducimus et. Totam porro qui nisi omnis placeat sapiente saepe. Doloremque earum culpa molestiae voluptatum aspernatur quia.', 79);
INSERT INTO `Chat` (`id`, `ChatName`, `message`, `admin_id`) VALUES (85, 'maiores', 'Earum in occaecati numquam. Ab voluptatem est et pariatur a excepturi. Adipisci nihil praesentium et est debitis corrupti nesciunt. Natus excepturi a labore dolores est voluptas dolorem.', 46);
INSERT INTO `Chat` (`id`, `ChatName`, `message`, `admin_id`) VALUES (86, 'et', 'Soluta maxime doloribus quia quaerat quod harum. In iure asperiores maxime fugit consequatur ex. Quaerat error reiciendis est quia. Non quos eum maiores ipsam cum voluptas. Nihil repellat sit vel quod.', 67);
INSERT INTO `Chat` (`id`, `ChatName`, `message`, `admin_id`) VALUES (87, 'eius', 'Laboriosam voluptates velit fugit distinctio ipsam rerum quia. Voluptatem et molestias sequi. Neque modi ea voluptatem enim modi ratione sequi in. Reiciendis sit asperiores eum quo et ab. Nemo consequatur iste qui corporis.', 96);
INSERT INTO `Chat` (`id`, `ChatName`, `message`, `admin_id`) VALUES (88, 'quaerat', 'Numquam eveniet quis eius fugit eos nesciunt in. Quas ab voluptas nihil et. Expedita pariatur tenetur exercitationem aut deserunt fugit.', 29);
INSERT INTO `Chat` (`id`, `ChatName`, `message`, `admin_id`) VALUES (89, 'sint', 'Esse et repellendus accusamus veritatis assumenda ut dignissimos. Quod dolores nam quia et modi.', 6);
INSERT INTO `Chat` (`id`, `ChatName`, `message`, `admin_id`) VALUES (90, 'animi', 'Qui neque ipsam nam et dolor enim. Repellendus porro pariatur voluptate quas quos commodi nam quod. Earum aut ut fugit. Id omnis quidem dolorum voluptatum dolor minima.', 94);
INSERT INTO `Chat` (`id`, `ChatName`, `message`, `admin_id`) VALUES (91, 'molestias', 'Quis minus alias earum et voluptates aut similique ipsa. Et veniam veniam id nisi. Similique nobis in exercitationem tempore ut alias. Asperiores nemo odit nesciunt quia aut dolor quidem modi.', 41);
INSERT INTO `Chat` (`id`, `ChatName`, `message`, `admin_id`) VALUES (92, 'fugiat', 'Accusamus ullam saepe iure laudantium. Mollitia enim animi repellat nemo beatae. Velit nihil ipsum porro corrupti ab accusantium. Minus ipsam labore quia maxime unde. Unde ratione ut quis maxime.', 20);
INSERT INTO `Chat` (`id`, `ChatName`, `message`, `admin_id`) VALUES (93, 'voluptatem', 'Voluptatibus rem qui et qui eveniet perferendis officiis. Beatae commodi ratione enim omnis recusandae voluptatem laboriosam. Ut rerum et eveniet inventore ab molestias. Et voluptatem eum nam ipsam.', 51);
INSERT INTO `Chat` (`id`, `ChatName`, `message`, `admin_id`) VALUES (94, 'earum', 'Perferendis et rerum et mollitia. Recusandae cum qui qui alias harum id quibusdam iste. Tenetur non ullam vitae ab quibusdam.', 78);
INSERT INTO `Chat` (`id`, `ChatName`, `message`, `admin_id`) VALUES (95, 'eos', 'Voluptatem dolor debitis sed non et molestias. Inventore ea odio occaecati cum cum. Ab fugiat aut beatae ut vitae.', 81);
INSERT INTO `Chat` (`id`, `ChatName`, `message`, `admin_id`) VALUES (96, 'nemo', 'Voluptatem accusamus numquam mollitia eaque sit accusamus dolorum. Voluptates voluptatem repudiandae vel soluta. Illo molestiae incidunt laudantium earum. Ullam repellat recusandae ut.', 39);
INSERT INTO `Chat` (`id`, `ChatName`, `message`, `admin_id`) VALUES (97, 'ducimus', 'Molestiae perferendis a quia perferendis veniam qui dignissimos. Et quidem aspernatur sed cupiditate natus perspiciatis numquam fugiat. Et omnis occaecati alias accusantium at.', 21);
INSERT INTO `Chat` (`id`, `ChatName`, `message`, `admin_id`) VALUES (98, 'non', 'Repellat consequatur voluptatem neque perferendis dicta officia. Soluta ullam aut nemo possimus ad et placeat. Quasi recusandae fugit sit sapiente necessitatibus. Illo repudiandae ut aut.', 69);
INSERT INTO `Chat` (`id`, `ChatName`, `message`, `admin_id`) VALUES (99, 'voluptatem', 'Qui cumque ut porro maxime. Inventore reiciendis quo nostrum. Pariatur eius quasi delectus qui et saepe quia. Debitis rerum totam aliquid quas pariatur blanditiis.', 97);
INSERT INTO `Chat` (`id`, `ChatName`, `message`, `admin_id`) VALUES (100, 'qui', 'Dolore id dolorum qui ullam et nihil magnam. Vel quis officiis et voluptatibus voluptatem. Adipisci nemo et labore quaerat officia.', 80);


#
# TABLE STRUCTURE FOR: Commutator_Users-Chat
#

DROP TABLE IF EXISTS `Commutator_Users-Chat`;

CREATE TABLE `Commutator_Users-Chat` (
  `id` int(11) NOT NULL AUTO_INCREMENT,
  `user_id` int(11) NOT NULL,
  `chat_id` int(11) NOT NULL,
  PRIMARY KEY (`id`),
  KEY `user_id` (`user_id`),
  KEY `chat_id` (`chat_id`),
  CONSTRAINT `Commutator_Users-Chat_ibfk_1` FOREIGN KEY (`user_id`) REFERENCES `User` (`id`),
  CONSTRAINT `Commutator_Users-Chat_ibfk_2` FOREIGN KEY (`chat_id`) REFERENCES `Chat` (`id`)
) ENGINE=InnoDB AUTO_INCREMENT=101 DEFAULT CHARSET=utf8mb4 COLLATE=utf8mb4_unicode_ci;

INSERT INTO `Commutator_Users-Chat` (`id`, `user_id`, `chat_id`) VALUES (1, 16, 57);
INSERT INTO `Commutator_Users-Chat` (`id`, `user_id`, `chat_id`) VALUES (2, 73, 66);
INSERT INTO `Commutator_Users-Chat` (`id`, `user_id`, `chat_id`) VALUES (3, 52, 90);
INSERT INTO `Commutator_Users-Chat` (`id`, `user_id`, `chat_id`) VALUES (4, 13, 69);
INSERT INTO `Commutator_Users-Chat` (`id`, `user_id`, `chat_id`) VALUES (5, 73, 55);
INSERT INTO `Commutator_Users-Chat` (`id`, `user_id`, `chat_id`) VALUES (6, 48, 10);
INSERT INTO `Commutator_Users-Chat` (`id`, `user_id`, `chat_id`) VALUES (7, 56, 57);
INSERT INTO `Commutator_Users-Chat` (`id`, `user_id`, `chat_id`) VALUES (8, 53, 85);
INSERT INTO `Commutator_Users-Chat` (`id`, `user_id`, `chat_id`) VALUES (9, 39, 45);
INSERT INTO `Commutator_Users-Chat` (`id`, `user_id`, `chat_id`) VALUES (10, 90, 23);
INSERT INTO `Commutator_Users-Chat` (`id`, `user_id`, `chat_id`) VALUES (11, 61, 1);
INSERT INTO `Commutator_Users-Chat` (`id`, `user_id`, `chat_id`) VALUES (12, 61, 12);
INSERT INTO `Commutator_Users-Chat` (`id`, `user_id`, `chat_id`) VALUES (13, 29, 71);
INSERT INTO `Commutator_Users-Chat` (`id`, `user_id`, `chat_id`) VALUES (14, 68, 27);
INSERT INTO `Commutator_Users-Chat` (`id`, `user_id`, `chat_id`) VALUES (15, 75, 45);
INSERT INTO `Commutator_Users-Chat` (`id`, `user_id`, `chat_id`) VALUES (16, 78, 90);
INSERT INTO `Commutator_Users-Chat` (`id`, `user_id`, `chat_id`) VALUES (17, 1, 51);
INSERT INTO `Commutator_Users-Chat` (`id`, `user_id`, `chat_id`) VALUES (18, 56, 53);
INSERT INTO `Commutator_Users-Chat` (`id`, `user_id`, `chat_id`) VALUES (19, 40, 69);
INSERT INTO `Commutator_Users-Chat` (`id`, `user_id`, `chat_id`) VALUES (20, 22, 13);
INSERT INTO `Commutator_Users-Chat` (`id`, `user_id`, `chat_id`) VALUES (21, 24, 69);
INSERT INTO `Commutator_Users-Chat` (`id`, `user_id`, `chat_id`) VALUES (22, 22, 79);
INSERT INTO `Commutator_Users-Chat` (`id`, `user_id`, `chat_id`) VALUES (23, 26, 75);
INSERT INTO `Commutator_Users-Chat` (`id`, `user_id`, `chat_id`) VALUES (24, 63, 64);
INSERT INTO `Commutator_Users-Chat` (`id`, `user_id`, `chat_id`) VALUES (25, 19, 53);
INSERT INTO `Commutator_Users-Chat` (`id`, `user_id`, `chat_id`) VALUES (26, 86, 80);
INSERT INTO `Commutator_Users-Chat` (`id`, `user_id`, `chat_id`) VALUES (27, 54, 47);
INSERT INTO `Commutator_Users-Chat` (`id`, `user_id`, `chat_id`) VALUES (28, 91, 83);
INSERT INTO `Commutator_Users-Chat` (`id`, `user_id`, `chat_id`) VALUES (29, 18, 59);
INSERT INTO `Commutator_Users-Chat` (`id`, `user_id`, `chat_id`) VALUES (30, 9, 92);
INSERT INTO `Commutator_Users-Chat` (`id`, `user_id`, `chat_id`) VALUES (31, 3, 87);
INSERT INTO `Commutator_Users-Chat` (`id`, `user_id`, `chat_id`) VALUES (32, 82, 4);
INSERT INTO `Commutator_Users-Chat` (`id`, `user_id`, `chat_id`) VALUES (33, 37, 37);
INSERT INTO `Commutator_Users-Chat` (`id`, `user_id`, `chat_id`) VALUES (34, 56, 76);
INSERT INTO `Commutator_Users-Chat` (`id`, `user_id`, `chat_id`) VALUES (35, 6, 77);
INSERT INTO `Commutator_Users-Chat` (`id`, `user_id`, `chat_id`) VALUES (36, 88, 29);
INSERT INTO `Commutator_Users-Chat` (`id`, `user_id`, `chat_id`) VALUES (37, 46, 10);
INSERT INTO `Commutator_Users-Chat` (`id`, `user_id`, `chat_id`) VALUES (38, 7, 71);
INSERT INTO `Commutator_Users-Chat` (`id`, `user_id`, `chat_id`) VALUES (39, 84, 70);
INSERT INTO `Commutator_Users-Chat` (`id`, `user_id`, `chat_id`) VALUES (40, 34, 3);
INSERT INTO `Commutator_Users-Chat` (`id`, `user_id`, `chat_id`) VALUES (41, 23, 20);
INSERT INTO `Commutator_Users-Chat` (`id`, `user_id`, `chat_id`) VALUES (42, 82, 76);
INSERT INTO `Commutator_Users-Chat` (`id`, `user_id`, `chat_id`) VALUES (43, 66, 72);
INSERT INTO `Commutator_Users-Chat` (`id`, `user_id`, `chat_id`) VALUES (44, 58, 83);
INSERT INTO `Commutator_Users-Chat` (`id`, `user_id`, `chat_id`) VALUES (45, 30, 66);
INSERT INTO `Commutator_Users-Chat` (`id`, `user_id`, `chat_id`) VALUES (46, 74, 33);
INSERT INTO `Commutator_Users-Chat` (`id`, `user_id`, `chat_id`) VALUES (47, 53, 55);
INSERT INTO `Commutator_Users-Chat` (`id`, `user_id`, `chat_id`) VALUES (48, 36, 89);
INSERT INTO `Commutator_Users-Chat` (`id`, `user_id`, `chat_id`) VALUES (49, 92, 92);
INSERT INTO `Commutator_Users-Chat` (`id`, `user_id`, `chat_id`) VALUES (50, 65, 97);
INSERT INTO `Commutator_Users-Chat` (`id`, `user_id`, `chat_id`) VALUES (51, 68, 53);
INSERT INTO `Commutator_Users-Chat` (`id`, `user_id`, `chat_id`) VALUES (52, 26, 13);
INSERT INTO `Commutator_Users-Chat` (`id`, `user_id`, `chat_id`) VALUES (53, 62, 33);
INSERT INTO `Commutator_Users-Chat` (`id`, `user_id`, `chat_id`) VALUES (54, 84, 46);
INSERT INTO `Commutator_Users-Chat` (`id`, `user_id`, `chat_id`) VALUES (55, 2, 17);
INSERT INTO `Commutator_Users-Chat` (`id`, `user_id`, `chat_id`) VALUES (56, 48, 25);
INSERT INTO `Commutator_Users-Chat` (`id`, `user_id`, `chat_id`) VALUES (57, 36, 29);
INSERT INTO `Commutator_Users-Chat` (`id`, `user_id`, `chat_id`) VALUES (58, 100, 1);
INSERT INTO `Commutator_Users-Chat` (`id`, `user_id`, `chat_id`) VALUES (59, 1, 58);
INSERT INTO `Commutator_Users-Chat` (`id`, `user_id`, `chat_id`) VALUES (60, 84, 31);
INSERT INTO `Commutator_Users-Chat` (`id`, `user_id`, `chat_id`) VALUES (61, 24, 57);
INSERT INTO `Commutator_Users-Chat` (`id`, `user_id`, `chat_id`) VALUES (62, 64, 76);
INSERT INTO `Commutator_Users-Chat` (`id`, `user_id`, `chat_id`) VALUES (63, 12, 99);
INSERT INTO `Commutator_Users-Chat` (`id`, `user_id`, `chat_id`) VALUES (64, 64, 3);
INSERT INTO `Commutator_Users-Chat` (`id`, `user_id`, `chat_id`) VALUES (65, 90, 29);
INSERT INTO `Commutator_Users-Chat` (`id`, `user_id`, `chat_id`) VALUES (66, 100, 58);
INSERT INTO `Commutator_Users-Chat` (`id`, `user_id`, `chat_id`) VALUES (67, 81, 25);
INSERT INTO `Commutator_Users-Chat` (`id`, `user_id`, `chat_id`) VALUES (68, 71, 42);
INSERT INTO `Commutator_Users-Chat` (`id`, `user_id`, `chat_id`) VALUES (69, 57, 55);
INSERT INTO `Commutator_Users-Chat` (`id`, `user_id`, `chat_id`) VALUES (70, 87, 59);
INSERT INTO `Commutator_Users-Chat` (`id`, `user_id`, `chat_id`) VALUES (71, 71, 35);
INSERT INTO `Commutator_Users-Chat` (`id`, `user_id`, `chat_id`) VALUES (72, 83, 7);
INSERT INTO `Commutator_Users-Chat` (`id`, `user_id`, `chat_id`) VALUES (73, 64, 82);
INSERT INTO `Commutator_Users-Chat` (`id`, `user_id`, `chat_id`) VALUES (74, 8, 65);
INSERT INTO `Commutator_Users-Chat` (`id`, `user_id`, `chat_id`) VALUES (75, 40, 91);
INSERT INTO `Commutator_Users-Chat` (`id`, `user_id`, `chat_id`) VALUES (76, 95, 63);
INSERT INTO `Commutator_Users-Chat` (`id`, `user_id`, `chat_id`) VALUES (77, 48, 59);
INSERT INTO `Commutator_Users-Chat` (`id`, `user_id`, `chat_id`) VALUES (78, 38, 59);
INSERT INTO `Commutator_Users-Chat` (`id`, `user_id`, `chat_id`) VALUES (79, 57, 2);
INSERT INTO `Commutator_Users-Chat` (`id`, `user_id`, `chat_id`) VALUES (80, 62, 47);
INSERT INTO `Commutator_Users-Chat` (`id`, `user_id`, `chat_id`) VALUES (81, 30, 61);
INSERT INTO `Commutator_Users-Chat` (`id`, `user_id`, `chat_id`) VALUES (82, 5, 10);
INSERT INTO `Commutator_Users-Chat` (`id`, `user_id`, `chat_id`) VALUES (83, 85, 76);
INSERT INTO `Commutator_Users-Chat` (`id`, `user_id`, `chat_id`) VALUES (84, 52, 42);
INSERT INTO `Commutator_Users-Chat` (`id`, `user_id`, `chat_id`) VALUES (85, 30, 39);
INSERT INTO `Commutator_Users-Chat` (`id`, `user_id`, `chat_id`) VALUES (86, 1, 1);
INSERT INTO `Commutator_Users-Chat` (`id`, `user_id`, `chat_id`) VALUES (87, 73, 83);
INSERT INTO `Commutator_Users-Chat` (`id`, `user_id`, `chat_id`) VALUES (88, 7, 36);
INSERT INTO `Commutator_Users-Chat` (`id`, `user_id`, `chat_id`) VALUES (89, 65, 15);
INSERT INTO `Commutator_Users-Chat` (`id`, `user_id`, `chat_id`) VALUES (90, 1, 4);
INSERT INTO `Commutator_Users-Chat` (`id`, `user_id`, `chat_id`) VALUES (91, 5, 96);
INSERT INTO `Commutator_Users-Chat` (`id`, `user_id`, `chat_id`) VALUES (92, 67, 53);
INSERT INTO `Commutator_Users-Chat` (`id`, `user_id`, `chat_id`) VALUES (93, 54, 5);
INSERT INTO `Commutator_Users-Chat` (`id`, `user_id`, `chat_id`) VALUES (94, 11, 10);
INSERT INTO `Commutator_Users-Chat` (`id`, `user_id`, `chat_id`) VALUES (95, 6, 72);
INSERT INTO `Commutator_Users-Chat` (`id`, `user_id`, `chat_id`) VALUES (96, 57, 36);
INSERT INTO `Commutator_Users-Chat` (`id`, `user_id`, `chat_id`) VALUES (97, 33, 62);
INSERT INTO `Commutator_Users-Chat` (`id`, `user_id`, `chat_id`) VALUES (98, 45, 17);
INSERT INTO `Commutator_Users-Chat` (`id`, `user_id`, `chat_id`) VALUES (99, 37, 97);
INSERT INTO `Commutator_Users-Chat` (`id`, `user_id`, `chat_id`) VALUES (100, 59, 66);


#
# TABLE STRUCTURE FOR: Profile
#

DROP TABLE IF EXISTS `Profile`;

CREATE TABLE `Profile` (
  `id` int(11) NOT NULL AUTO_INCREMENT,
  `name` varchar(50) COLLATE utf8mb4_unicode_ci NOT NULL,
  `status` varchar(50) COLLATE utf8mb4_unicode_ci NOT NULL,
  `telephone` varchar(12) COLLATE utf8mb4_unicode_ci NOT NULL,
  `user_id` int(11) NOT NULL,
  PRIMARY KEY (`id`),
  KEY `user_id` (`user_id`),
  CONSTRAINT `Profile_ibfk_1` FOREIGN KEY (`user_id`) REFERENCES `User` (`id`)
) ENGINE=InnoDB AUTO_INCREMENT=101 DEFAULT CHARSET=utf8mb4 COLLATE=utf8mb4_unicode_ci;

INSERT INTO `Profile` (`id`, `name`, `status`, `telephone`, `user_id`) VALUES (1, 'natus', 'Maxime esse laboriosam asperiores et dignissimos e', '324.951.2767', 45);
INSERT INTO `Profile` (`id`, `name`, `status`, `telephone`, `user_id`) VALUES (2, 'voluptatem', 'Vero quia atque sit est commodi a. Aperiam eos exc', '1-422-317-14', 52);
INSERT INTO `Profile` (`id`, `name`, `status`, `telephone`, `user_id`) VALUES (3, 'ad', 'Ut velit temporibus aut quo. Magni quo cumque nemo', '491-499-7168', 19);
INSERT INTO `Profile` (`id`, `name`, `status`, `telephone`, `user_id`) VALUES (4, 'in', 'Cum et voluptatibus est. Cum maiores tempora volup', '(184)412-226', 27);
INSERT INTO `Profile` (`id`, `name`, `status`, `telephone`, `user_id`) VALUES (5, 'numquam', 'Maxime ut minus aliquam necessitatibus. Animi dolo', '05295258730', 15);
INSERT INTO `Profile` (`id`, `name`, `status`, `telephone`, `user_id`) VALUES (6, 'in', 'Necessitatibus voluptas culpa voluptatem et. Reici', '1-849-507-95', 43);
INSERT INTO `Profile` (`id`, `name`, `status`, `telephone`, `user_id`) VALUES (7, 'numquam', 'Voluptas cum quisquam alias. Est laboriosam conseq', '868.729.7655', 16);
INSERT INTO `Profile` (`id`, `name`, `status`, `telephone`, `user_id`) VALUES (8, 'alias', 'Quam maiores quia asperiores sit voluptates ut fac', '496.594.1894', 84);
INSERT INTO `Profile` (`id`, `name`, `status`, `telephone`, `user_id`) VALUES (9, 'minima', 'Incidunt sequi esse minus harum rerum ut. Quae asp', '499-768-6347', 65);
INSERT INTO `Profile` (`id`, `name`, `status`, `telephone`, `user_id`) VALUES (10, 'eveniet', 'Qui quos omnis amet quasi quaerat et saepe. Aut no', '1-233-407-98', 27);
INSERT INTO `Profile` (`id`, `name`, `status`, `telephone`, `user_id`) VALUES (11, 'nobis', 'Possimus omnis quam amet voluptas minus sapiente. ', '+52(2)168678', 15);
INSERT INTO `Profile` (`id`, `name`, `status`, `telephone`, `user_id`) VALUES (12, 'adipisci', 'Numquam voluptatibus aut optio non sapiente quos. ', '(900)928-681', 59);
INSERT INTO `Profile` (`id`, `name`, `status`, `telephone`, `user_id`) VALUES (13, 'temporibus', 'Nihil assumenda adipisci tempora quia laudantium f', '(526)836-240', 43);
INSERT INTO `Profile` (`id`, `name`, `status`, `telephone`, `user_id`) VALUES (14, 'ut', 'Expedita id omnis fuga non aut unde. Excepturi asp', '1-926-861-73', 51);
INSERT INTO `Profile` (`id`, `name`, `status`, `telephone`, `user_id`) VALUES (15, 'vel', 'Est autem veniam a. Perferendis iusto modi perfere', '1-265-378-31', 98);
INSERT INTO `Profile` (`id`, `name`, `status`, `telephone`, `user_id`) VALUES (16, 'est', 'Ea ratione dolorem itaque similique ipsum ducimus ', '(181)336-931', 85);
INSERT INTO `Profile` (`id`, `name`, `status`, `telephone`, `user_id`) VALUES (17, 'nemo', 'Non molestias molestiae numquam iure. Dignissimos ', '1-885-412-02', 34);
INSERT INTO `Profile` (`id`, `name`, `status`, `telephone`, `user_id`) VALUES (18, 'perspiciatis', 'Incidunt sit quod expedita nulla fuga. Delectus do', '04383010425', 1);
INSERT INTO `Profile` (`id`, `name`, `status`, `telephone`, `user_id`) VALUES (19, 'quis', 'Accusantium et et placeat veritatis unde necessita', '601-769-1193', 21);
INSERT INTO `Profile` (`id`, `name`, `status`, `telephone`, `user_id`) VALUES (20, 'vel', 'Voluptatibus quam alias architecto. Minima corpori', '133-625-4594', 49);
INSERT INTO `Profile` (`id`, `name`, `status`, `telephone`, `user_id`) VALUES (21, 'voluptatum', 'Labore ullam magni voluptatibus odit cumque. Nisi ', '017.782.5069', 15);
INSERT INTO `Profile` (`id`, `name`, `status`, `telephone`, `user_id`) VALUES (22, 'sapiente', 'Vel laboriosam nesciunt velit debitis quibusdam et', '149.171.7956', 43);
INSERT INTO `Profile` (`id`, `name`, `status`, `telephone`, `user_id`) VALUES (23, 'beatae', 'Corporis suscipit quae laboriosam officia temporib', '1-219-372-04', 42);
INSERT INTO `Profile` (`id`, `name`, `status`, `telephone`, `user_id`) VALUES (24, 'sit', 'Error animi dolor praesentium perferendis voluptat', '465.716.6662', 45);
INSERT INTO `Profile` (`id`, `name`, `status`, `telephone`, `user_id`) VALUES (25, 'consequuntur', 'Est quos veniam aut minima accusamus facilis. Esse', '953.704.5435', 87);
INSERT INTO `Profile` (`id`, `name`, `status`, `telephone`, `user_id`) VALUES (26, 'voluptas', 'Enim sed aut impedit voluptas. Vel quibusdam et no', '(680)907-373', 21);
INSERT INTO `Profile` (`id`, `name`, `status`, `telephone`, `user_id`) VALUES (27, 'ipsa', 'Vero fuga voluptatem rerum quasi voluptatem. Iure ', '02894191161', 31);
INSERT INTO `Profile` (`id`, `name`, `status`, `telephone`, `user_id`) VALUES (28, 'illum', 'Aut eligendi molestiae autem dolore commodi libero', '00845928532', 92);
INSERT INTO `Profile` (`id`, `name`, `status`, `telephone`, `user_id`) VALUES (29, 'odio', 'Exercitationem non facilis sed aliquam. Aspernatur', '1-275-845-60', 19);
INSERT INTO `Profile` (`id`, `name`, `status`, `telephone`, `user_id`) VALUES (30, 'exercitationem', 'Itaque enim earum praesentium earum dignissimos du', '465.053.2738', 28);
INSERT INTO `Profile` (`id`, `name`, `status`, `telephone`, `user_id`) VALUES (31, 'rem', 'Et reprehenderit ut reiciendis eum odio sapiente. ', '356-362-2464', 46);
INSERT INTO `Profile` (`id`, `name`, `status`, `telephone`, `user_id`) VALUES (32, 'aut', 'Ratione doloremque ut est ut sit. Soluta ipsam dol', '1-054-978-82', 64);
INSERT INTO `Profile` (`id`, `name`, `status`, `telephone`, `user_id`) VALUES (33, 'quia', 'Beatae quibusdam magni tempora aliquam quaerat vol', '1-193-867-24', 80);
INSERT INTO `Profile` (`id`, `name`, `status`, `telephone`, `user_id`) VALUES (34, 'excepturi', 'Saepe voluptatum similique voluptas enim. Vero vol', '1-989-399-46', 64);
INSERT INTO `Profile` (`id`, `name`, `status`, `telephone`, `user_id`) VALUES (35, 'totam', 'Ut ut et ullam odit adipisci modi explicabo. Eaque', '+47(9)515518', 90);
INSERT INTO `Profile` (`id`, `name`, `status`, `telephone`, `user_id`) VALUES (36, 'laborum', 'Omnis eaque enim modi quisquam voluptate qui. Qui ', '(835)962-008', 95);
INSERT INTO `Profile` (`id`, `name`, `status`, `telephone`, `user_id`) VALUES (37, 'ea', 'Aliquam dolores perspiciatis aspernatur dolor. Off', '949-215-9291', 6);
INSERT INTO `Profile` (`id`, `name`, `status`, `telephone`, `user_id`) VALUES (38, 'autem', 'Natus itaque et animi dolores cumque neque optio. ', '586-760-4162', 5);
INSERT INTO `Profile` (`id`, `name`, `status`, `telephone`, `user_id`) VALUES (39, 'beatae', 'Molestiae laudantium consequatur maxime repellendu', '+89(5)144846', 78);
INSERT INTO `Profile` (`id`, `name`, `status`, `telephone`, `user_id`) VALUES (40, 'ut', 'Cumque dolor minima nostrum nihil eaque molestiae ', '+86(1)576841', 71);
INSERT INTO `Profile` (`id`, `name`, `status`, `telephone`, `user_id`) VALUES (41, 'quo', 'Repudiandae aliquam id quia mollitia. Qui qui a be', '694-944-5169', 32);
INSERT INTO `Profile` (`id`, `name`, `status`, `telephone`, `user_id`) VALUES (42, 'quisquam', 'Omnis dolorem rerum eaque laudantium. Ratione omni', '357.534.5509', 92);
INSERT INTO `Profile` (`id`, `name`, `status`, `telephone`, `user_id`) VALUES (43, 'molestiae', 'Recusandae sunt occaecati nesciunt voluptas offici', '+22(6)503874', 29);
INSERT INTO `Profile` (`id`, `name`, `status`, `telephone`, `user_id`) VALUES (44, 'laboriosam', 'Asperiores facilis quasi animi recusandae quos rep', '280-200-8536', 74);
INSERT INTO `Profile` (`id`, `name`, `status`, `telephone`, `user_id`) VALUES (45, 'eum', 'Beatae accusamus voluptas esse voluptas cum. Sunt ', '282-641-9721', 42);
INSERT INTO `Profile` (`id`, `name`, `status`, `telephone`, `user_id`) VALUES (46, 'perspiciatis', 'Aperiam sit in quasi natus id eligendi. Labore omn', '151.934.7816', 27);
INSERT INTO `Profile` (`id`, `name`, `status`, `telephone`, `user_id`) VALUES (47, 'soluta', 'Consectetur aut aut dolorem itaque et ut placeat. ', '961-737-0277', 58);
INSERT INTO `Profile` (`id`, `name`, `status`, `telephone`, `user_id`) VALUES (48, 'officia', 'Sunt reiciendis aspernatur et accusantium voluptat', '720-830-8521', 76);
INSERT INTO `Profile` (`id`, `name`, `status`, `telephone`, `user_id`) VALUES (49, 'exercitationem', 'Facilis porro quam saepe ut sunt maiores dolorum. ', '676.892.1769', 28);
INSERT INTO `Profile` (`id`, `name`, `status`, `telephone`, `user_id`) VALUES (50, 'fugit', 'Magnam totam officia aut inventore. Est ab error f', '1-839-037-16', 78);
INSERT INTO `Profile` (`id`, `name`, `status`, `telephone`, `user_id`) VALUES (51, 'magnam', 'In dicta voluptatem amet molestiae. Cum officia pr', '(045)109-123', 25);
INSERT INTO `Profile` (`id`, `name`, `status`, `telephone`, `user_id`) VALUES (52, 'incidunt', 'Iure ipsa ut est eius ab. Voluptates omnis non qui', '1-589-939-04', 43);
INSERT INTO `Profile` (`id`, `name`, `status`, `telephone`, `user_id`) VALUES (53, 'nihil', 'Quod illo aspernatur quidem amet quis voluptate mo', '1-909-579-62', 20);
INSERT INTO `Profile` (`id`, `name`, `status`, `telephone`, `user_id`) VALUES (54, 'dicta', 'A earum fugit in nam recusandae dolorem. Est ab qu', '1-003-385-71', 67);
INSERT INTO `Profile` (`id`, `name`, `status`, `telephone`, `user_id`) VALUES (55, 'labore', 'Consequuntur provident dolor qui et. Aut incidunt ', '1-871-668-21', 87);
INSERT INTO `Profile` (`id`, `name`, `status`, `telephone`, `user_id`) VALUES (56, 'ut', 'Quam quis impedit quasi vel est tempora facilis ad', '161-127-7819', 7);
INSERT INTO `Profile` (`id`, `name`, `status`, `telephone`, `user_id`) VALUES (57, 'quod', 'Impedit sunt sit ipsam. Nesciunt amet corrupti cor', '(165)342-979', 87);
INSERT INTO `Profile` (`id`, `name`, `status`, `telephone`, `user_id`) VALUES (58, 'vero', 'Hic omnis est rerum quia asperiores illum consequa', '+82(7)711114', 18);
INSERT INTO `Profile` (`id`, `name`, `status`, `telephone`, `user_id`) VALUES (59, 'eum', 'Sunt voluptatibus dolore ipsa voluptates et. Dolor', '449-847-4715', 99);
INSERT INTO `Profile` (`id`, `name`, `status`, `telephone`, `user_id`) VALUES (60, 'a', 'Occaecati exercitationem nemo sequi vero. Possimus', '1-983-252-57', 6);
INSERT INTO `Profile` (`id`, `name`, `status`, `telephone`, `user_id`) VALUES (61, 'est', 'Omnis itaque esse vero quas. Commodi quis veniam v', '(849)365-822', 45);
INSERT INTO `Profile` (`id`, `name`, `status`, `telephone`, `user_id`) VALUES (62, 'repellat', 'Vel ut ex natus ut ea nihil. Ut aperiam ducimus vo', '122.426.0368', 44);
INSERT INTO `Profile` (`id`, `name`, `status`, `telephone`, `user_id`) VALUES (63, 'qui', 'Enim ipsum fuga ratione necessitatibus dolor non. ', '+51(8)567141', 69);
INSERT INTO `Profile` (`id`, `name`, `status`, `telephone`, `user_id`) VALUES (64, 'molestiae', 'Nobis fuga delectus blanditiis reiciendis blanditi', '1-054-065-60', 25);
INSERT INTO `Profile` (`id`, `name`, `status`, `telephone`, `user_id`) VALUES (65, 'autem', 'Ut architecto nihil id error alias et. Deserunt qu', '(317)633-383', 7);
INSERT INTO `Profile` (`id`, `name`, `status`, `telephone`, `user_id`) VALUES (66, 'est', 'Praesentium est ratione dicta corporis deleniti ev', '724-738-5655', 59);
INSERT INTO `Profile` (`id`, `name`, `status`, `telephone`, `user_id`) VALUES (67, 'in', 'Vel saepe libero architecto assumenda rerum. Sit n', '1-584-371-25', 19);
INSERT INTO `Profile` (`id`, `name`, `status`, `telephone`, `user_id`) VALUES (68, 'a', 'Similique dolorem voluptate aut aut. Dignissimos n', '1-199-403-50', 13);
INSERT INTO `Profile` (`id`, `name`, `status`, `telephone`, `user_id`) VALUES (69, 'fuga', 'Quidem dicta cumque dicta dicta qui sit at. A haru', '1-162-138-08', 63);
INSERT INTO `Profile` (`id`, `name`, `status`, `telephone`, `user_id`) VALUES (70, 'laudantium', 'Sed mollitia corrupti facilis. Nesciunt laboriosam', '+66(7)559398', 96);
INSERT INTO `Profile` (`id`, `name`, `status`, `telephone`, `user_id`) VALUES (71, 'quos', 'Placeat voluptatem fugiat omnis inventore error in', '414.660.0343', 83);
INSERT INTO `Profile` (`id`, `name`, `status`, `telephone`, `user_id`) VALUES (72, 'sit', 'Aut sed cupiditate expedita eius. Ab corrupti haru', '03682809018', 94);
INSERT INTO `Profile` (`id`, `name`, `status`, `telephone`, `user_id`) VALUES (73, 'autem', 'Facere reprehenderit ut rerum non repudiandae. Vol', '279-407-7952', 88);
INSERT INTO `Profile` (`id`, `name`, `status`, `telephone`, `user_id`) VALUES (74, 'adipisci', 'Totam eveniet et ipsa qui placeat fugiat dolorem. ', '1-430-222-24', 11);
INSERT INTO `Profile` (`id`, `name`, `status`, `telephone`, `user_id`) VALUES (75, 'nihil', 'Tenetur aut aliquam enim officia error neque nulla', '1-302-078-85', 68);
INSERT INTO `Profile` (`id`, `name`, `status`, `telephone`, `user_id`) VALUES (76, 'quia', 'Soluta consequuntur dolor et ipsa et nesciunt est.', '1-954-537-32', 30);
INSERT INTO `Profile` (`id`, `name`, `status`, `telephone`, `user_id`) VALUES (77, 'saepe', 'Modi a est quia porro quasi quia autem. Nemo bland', '537-174-7538', 38);
INSERT INTO `Profile` (`id`, `name`, `status`, `telephone`, `user_id`) VALUES (78, 'quos', 'Porro est quia consequatur ipsum facere delectus d', '573-069-9266', 25);
INSERT INTO `Profile` (`id`, `name`, `status`, `telephone`, `user_id`) VALUES (79, 'molestiae', 'Aut quis iusto dolore voluptatum accusamus est ex ', '+73(0)604529', 5);
INSERT INTO `Profile` (`id`, `name`, `status`, `telephone`, `user_id`) VALUES (80, 'optio', 'Eligendi officiis molestiae numquam blanditiis in ', '1-671-257-53', 65);
INSERT INTO `Profile` (`id`, `name`, `status`, `telephone`, `user_id`) VALUES (81, 'sequi', 'Rerum nisi enim illo alias ut iure aut. Voluptate ', '250-317-9925', 3);
INSERT INTO `Profile` (`id`, `name`, `status`, `telephone`, `user_id`) VALUES (82, 'facilis', 'Et laborum aut qui dicta quod laboriosam. Quaerat ', '(186)586-080', 30);
INSERT INTO `Profile` (`id`, `name`, `status`, `telephone`, `user_id`) VALUES (83, 'reiciendis', 'Quia voluptatem facilis delectus rerum dolor solut', '(774)075-369', 7);
INSERT INTO `Profile` (`id`, `name`, `status`, `telephone`, `user_id`) VALUES (84, 'est', 'Minus quos id dolor blanditiis. Odit eaque dolor q', '1-030-892-22', 22);
INSERT INTO `Profile` (`id`, `name`, `status`, `telephone`, `user_id`) VALUES (85, 'magnam', 'Iure nobis quae saepe est impedit. Sapiente volupt', '1-696-278-55', 96);
INSERT INTO `Profile` (`id`, `name`, `status`, `telephone`, `user_id`) VALUES (86, 'quisquam', 'Et porro consequatur doloribus minus. Porro neque ', '662-566-2616', 94);
INSERT INTO `Profile` (`id`, `name`, `status`, `telephone`, `user_id`) VALUES (87, 'totam', 'Sit modi odit reiciendis sequi deserunt quae imped', '1-347-534-59', 29);
INSERT INTO `Profile` (`id`, `name`, `status`, `telephone`, `user_id`) VALUES (88, 'et', 'Fugiat sunt qui ipsa qui rem inventore. Deserunt c', '1-515-234-60', 83);
INSERT INTO `Profile` (`id`, `name`, `status`, `telephone`, `user_id`) VALUES (89, 'quia', 'Dolorem perspiciatis possimus dolore error sit. Si', '(872)627-766', 11);
INSERT INTO `Profile` (`id`, `name`, `status`, `telephone`, `user_id`) VALUES (90, 'quas', 'Dolorem soluta enim occaecati ducimus vero. At qui', '028.000.7649', 27);
INSERT INTO `Profile` (`id`, `name`, `status`, `telephone`, `user_id`) VALUES (91, 'sit', 'Repellendus laudantium ut nobis. Cupiditate quia f', '894-300-3751', 88);
INSERT INTO `Profile` (`id`, `name`, `status`, `telephone`, `user_id`) VALUES (92, 'amet', 'Nihil ex eum quae harum esse nulla doloremque ut. ', '(817)581-378', 56);
INSERT INTO `Profile` (`id`, `name`, `status`, `telephone`, `user_id`) VALUES (93, 'cum', 'Dolores et adipisci repellat corrupti. Repudiandae', '1-490-752-98', 70);
INSERT INTO `Profile` (`id`, `name`, `status`, `telephone`, `user_id`) VALUES (94, 'error', 'Nam mollitia saepe voluptatem. Voluptate error per', '734.583.1884', 57);
INSERT INTO `Profile` (`id`, `name`, `status`, `telephone`, `user_id`) VALUES (95, 'sapiente', 'Dolorem suscipit est veniam. Voluptatem vitae corr', '+28(5)109981', 81);
INSERT INTO `Profile` (`id`, `name`, `status`, `telephone`, `user_id`) VALUES (96, 'similique', 'In sed et fuga alias error consequatur corporis vo', '466-282-8966', 77);
INSERT INTO `Profile` (`id`, `name`, `status`, `telephone`, `user_id`) VALUES (97, 'saepe', 'Dolorum ut qui dolor error sunt quaerat dolores do', '1-710-257-36', 15);
INSERT INTO `Profile` (`id`, `name`, `status`, `telephone`, `user_id`) VALUES (98, 'tempore', 'Deleniti dolores et fuga mollitia quidem nostrum. ', '+15(3)045271', 99);
INSERT INTO `Profile` (`id`, `name`, `status`, `telephone`, `user_id`) VALUES (99, 'animi', 'Delectus at architecto distinctio asperiores provi', '493-521-7897', 89);
INSERT INTO `Profile` (`id`, `name`, `status`, `telephone`, `user_id`) VALUES (100, 'temporibus', 'Ducimus voluptas aut expedita temporibus occaecati', '1-219-261-85', 78);


#
# TABLE STRUCTURE FOR: User
#

DROP TABLE IF EXISTS `User`;

CREATE TABLE `User` (
  `id` int(11) NOT NULL AUTO_INCREMENT,
  `login` varchar(30) COLLATE utf8mb4_unicode_ci DEFAULT NULL,
  `pass` varchar(30) COLLATE utf8mb4_unicode_ci DEFAULT NULL,
  PRIMARY KEY (`id`)
) ENGINE=InnoDB AUTO_INCREMENT=101 DEFAULT CHARSET=utf8mb4 COLLATE=utf8mb4_unicode_ci;

INSERT INTO `User` (`id`, `login`, `pass`) VALUES (1, 'sbechtelar@schusterdooley.com', '1692c764fd2a6958f8c8c5ad3b254a');
INSERT INTO `User` (`id`, `login`, `pass`) VALUES (2, 'dennis52@parker.com', 'b56e50d240cf005cb3219f2f27d9b3');
INSERT INTO `User` (`id`, `login`, `pass`) VALUES (3, 'taryn40@yahoo.com', 'a12d6254ff0f5d6dc8b38d80124870');
INSERT INTO `User` (`id`, `login`, `pass`) VALUES (4, 'evie.mcdermott@gmail.com', '792054a4d3844c885047e4cb842009');
INSERT INTO `User` (`id`, `login`, `pass`) VALUES (5, 'ftreutel@gmail.com', 'aa9b2fe3229e86f9a6ee4a20fdbf01');
INSERT INTO `User` (`id`, `login`, `pass`) VALUES (6, 'wmiller@windlerabshire.com', '186189655c2dd794a22e7cf7d5c513');
INSERT INTO `User` (`id`, `login`, `pass`) VALUES (7, 'makayla.bechtelar@heaney.com', 'd8dd0a635dbad8e4eebb64813267bd');
INSERT INTO `User` (`id`, `login`, `pass`) VALUES (8, 'stephen59@yahoo.com', 'ca44c1dd28bef534e7c7f1433834e9');
INSERT INTO `User` (`id`, `login`, `pass`) VALUES (9, 'runolfsdottir.conrad@hotmail.c', '8b59fbc8c9d64b0b43f9e50517627e');
INSERT INTO `User` (`id`, `login`, `pass`) VALUES (10, 'brandyn.thiel@dickensjohns.biz', 'b2c4f627cc12eee962ba79a9c02e24');
INSERT INTO `User` (`id`, `login`, `pass`) VALUES (11, 'cassie07@schuster.com', '84fe21e89f21b55635cbba8343cbb2');
INSERT INTO `User` (`id`, `login`, `pass`) VALUES (12, 'hartmann.malinda@stiedemann.co', 'bfb63cfafd3c690bde1e0e039eb0cc');
INSERT INTO `User` (`id`, `login`, `pass`) VALUES (13, 'brittany65@hotmail.com', '1cc32a47a00693a144363089f50b76');
INSERT INTO `User` (`id`, `login`, `pass`) VALUES (14, 'beau66@bernier.com', '47d3ff063e61067b4a24edc910a0b8');
INSERT INTO `User` (`id`, `login`, `pass`) VALUES (15, 'elnora.mcclure@hotmail.com', '9694026f0752d5bad978bdd747654b');
INSERT INTO `User` (`id`, `login`, `pass`) VALUES (16, 'greenfelder.bertha@hotmail.com', '32c829924a6966fb060aee000c0c33');
INSERT INTO `User` (`id`, `login`, `pass`) VALUES (17, 'nmayer@oconnell.net', '638902096b7d5fc6b8618f9ca929b6');
INSERT INTO `User` (`id`, `login`, `pass`) VALUES (18, 'clinton.bashirian@koch.com', 'cdc207e374efd42319ab33be8a79fc');
INSERT INTO `User` (`id`, `login`, `pass`) VALUES (19, 'marques.lehner@yahoo.com', '505360d00558fa22c126e09ffbc523');
INSERT INTO `User` (`id`, `login`, `pass`) VALUES (20, 'wintheiser.gerald@gleason.com', '721d98bef2625419dd1e4d95a35ba1');
INSERT INTO `User` (`id`, `login`, `pass`) VALUES (21, 'ocartwright@luettgen.net', 'ad9e514967340b48df50344a2aa4d9');
INSERT INTO `User` (`id`, `login`, `pass`) VALUES (22, 'adolph.ohara@gmail.com', '9174ea8feb8c7bf488d5088bec3b43');
INSERT INTO `User` (`id`, `login`, `pass`) VALUES (23, 'kacey93@wuckert.com', '8aa0b46662f0aa8d4f4c337af1f939');
INSERT INTO `User` (`id`, `login`, `pass`) VALUES (24, 'dale60@hotmail.com', '0bd831614983a380047da409f225a6');
INSERT INTO `User` (`id`, `login`, `pass`) VALUES (25, 'alvah45@hotmail.com', 'e242ed09d7388109abe8fc52b36e83');
INSERT INTO `User` (`id`, `login`, `pass`) VALUES (26, 'hjohns@shields.com', 'c203334ec416fdd373f15217b666a6');
INSERT INTO `User` (`id`, `login`, `pass`) VALUES (27, 'udach@yahoo.com', 'b023ec12d8b9a3b1a1218c84ab52a7');
INSERT INTO `User` (`id`, `login`, `pass`) VALUES (28, 'prosacco.fern@johnsongottlieb.', 'fe25e01a93d5778111058a9f45be0e');
INSERT INTO `User` (`id`, `login`, `pass`) VALUES (29, 'armstrong.eldora@flatley.com', 'f720c99c3b886738f47db40cfd09a1');
INSERT INTO `User` (`id`, `login`, `pass`) VALUES (30, 'wallace02@hotmail.com', 'bd490b044dbbc75fe74ea75d8b2e68');
INSERT INTO `User` (`id`, `login`, `pass`) VALUES (31, 'gschmeler@gmail.com', '7c1465907324513d63f8105e5d8c66');
INSERT INTO `User` (`id`, `login`, `pass`) VALUES (32, 'nina.erdman@reichertwatsica.co', '77d1a81b11b5a3b4990de51222be43');
INSERT INTO `User` (`id`, `login`, `pass`) VALUES (33, 'nina15@yahoo.com', '5ef1e1806c1ac9a568677dfedb6e1f');
INSERT INTO `User` (`id`, `login`, `pass`) VALUES (34, 'bhodkiewicz@yahoo.com', '560e06a26b5a00b4c6bc0eeaf7eb47');
INSERT INTO `User` (`id`, `login`, `pass`) VALUES (35, 'heathcote.lilla@gmail.com', '8840c4a43af5486ca61bca94dc33ce');
INSERT INTO `User` (`id`, `login`, `pass`) VALUES (36, 'gibson.piper@hotmail.com', '183a5c06bb313d9b6900eb63914c99');
INSERT INTO `User` (`id`, `login`, `pass`) VALUES (37, 'brenda.cormier@gmail.com', '476b6d017bdef72cc9533bb0ddac63');
INSERT INTO `User` (`id`, `login`, `pass`) VALUES (38, 'maya.wolf@nolan.net', '92d4b1486a996609a430afb782a6d4');
INSERT INTO `User` (`id`, `login`, `pass`) VALUES (39, 'enola.aufderhar@hotmail.com', 'cd4bb9192325019085610c8a692466');
INSERT INTO `User` (`id`, `login`, `pass`) VALUES (40, 'gswift@yahoo.com', 'd6cd587b8943745cabe81f3bb5a20b');
INSERT INTO `User` (`id`, `login`, `pass`) VALUES (41, 'fahey.maybelle@gmail.com', '3e91503488d24d38579c3bb6e919b6');
INSERT INTO `User` (`id`, `login`, `pass`) VALUES (42, 'damion.jacobi@kunde.biz', '6da1267cd59b30820e53881b59e498');
INSERT INTO `User` (`id`, `login`, `pass`) VALUES (43, 'jast.kenyatta@yahoo.com', '61041c4133bdef68269a9059435e59');
INSERT INTO `User` (`id`, `login`, `pass`) VALUES (44, 'funk.columbus@hotmail.com', '9db94e507051519d6104dbf8aa8cdc');
INSERT INTO `User` (`id`, `login`, `pass`) VALUES (45, 'columbus66@gmail.com', '517708ab3cbae26eaa6b93fde773d6');
INSERT INTO `User` (`id`, `login`, `pass`) VALUES (46, 'saul23@hilpertrunolfsdottir.co', '5c1246f76d77b72ba705ee2dda0fcb');
INSERT INTO `User` (`id`, `login`, `pass`) VALUES (47, 'kshlerin.evangeline@west.com', '4c45c3250899cd97d7b8791100b0b4');
INSERT INTO `User` (`id`, `login`, `pass`) VALUES (48, 'akerluke@carterbednar.com', 'ca66d7299d40c07eb566ce9ffba448');
INSERT INTO `User` (`id`, `login`, `pass`) VALUES (49, 'alize06@croninskiles.com', 'a15b1be15fda78492184acbff39423');
INSERT INTO `User` (`id`, `login`, `pass`) VALUES (50, 'camilla.stamm@yahoo.com', 'd44e0c9286b7b9f21c07654498e3dd');
INSERT INTO `User` (`id`, `login`, `pass`) VALUES (51, 'bashirian.corene@jones.com', '5017cf23c6c0e25e3cd26e9c64aba0');
INSERT INTO `User` (`id`, `login`, `pass`) VALUES (52, 'jannie.okeefe@mann.com', 'c1617e51310f9aa9750a20b443da21');
INSERT INTO `User` (`id`, `login`, `pass`) VALUES (53, 'powlowski.brian@hamill.com', '95066282b8f228ff3f643c81f0faac');
INSERT INTO `User` (`id`, `login`, `pass`) VALUES (54, 'frunolfsson@schimmelveum.com', '65d046b48690dac175e828148a0ab7');
INSERT INTO `User` (`id`, `login`, `pass`) VALUES (55, 'esther70@yahoo.com', 'fa9ed8a8a34afa50f6028286e11944');
INSERT INTO `User` (`id`, `login`, `pass`) VALUES (56, 'xzavier.kassulke@daugherty.com', 'e419e845efc70653266e9930e9c97b');
INSERT INTO `User` (`id`, `login`, `pass`) VALUES (57, 'meaghan98@hotmail.com', '32c25e5d5471f338b2148eb1f863ca');
INSERT INTO `User` (`id`, `login`, `pass`) VALUES (58, 'hermann.janiya@jaskolskiwaters', '69ac9e8d0b9a190da07ea738d7e31d');
INSERT INTO `User` (`id`, `login`, `pass`) VALUES (59, 'magnolia84@gmail.com', '6ebb7178d9899721f27a3fbb905c28');
INSERT INTO `User` (`id`, `login`, `pass`) VALUES (60, 'tatum99@schneider.net', 'f444a6917d8a2acd570ff4955ba344');
INSERT INTO `User` (`id`, `login`, `pass`) VALUES (61, 'deangelo48@bergnaum.com', '9ba50d275bb893537df586c76c5f66');
INSERT INTO `User` (`id`, `login`, `pass`) VALUES (62, 'dora.satterfield@gmail.com', 'fe28da159e0550da2a445a50c48ef0');
INSERT INTO `User` (`id`, `login`, `pass`) VALUES (63, 'akunze@hotmail.com', '337e4c6b5ebf10d41a1ac797a9dba4');
INSERT INTO `User` (`id`, `login`, `pass`) VALUES (64, 'denis74@yahoo.com', '1b54be538dd4d6180b5164e3f25309');
INSERT INTO `User` (`id`, `login`, `pass`) VALUES (65, 'vivianne.hermiston@mrazhudson.', '085c2d13be9c67bc764892b11e53f2');
INSERT INTO `User` (`id`, `login`, `pass`) VALUES (66, 'olaf36@gmail.com', '3194239925e6a959edc52b62f8923c');
INSERT INTO `User` (`id`, `login`, `pass`) VALUES (67, 'geovanny39@hotmail.com', 'e89d0072a1ff502a460ef2100a33d0');
INSERT INTO `User` (`id`, `login`, `pass`) VALUES (68, 'medhurst.darby@hotmail.com', 'fd82fc62658e64bcb9545f64084c66');
INSERT INTO `User` (`id`, `login`, `pass`) VALUES (69, 'katelynn05@hotmail.com', 'a75eddf0b27ab25ae6cc5ea5e3777e');
INSERT INTO `User` (`id`, `login`, `pass`) VALUES (70, 'akirlin@langosh.info', 'ef91a2fe9996ef1f2a7ca4fe328b30');
INSERT INTO `User` (`id`, `login`, `pass`) VALUES (71, 'rlowe@mosciskitillman.biz', '0d1b9c42be351fd326f8cf5cd2c9dd');
INSERT INTO `User` (`id`, `login`, `pass`) VALUES (72, 'brittany.leffler@hotmail.com', 'ea679f032dfbfa9b02c916f3322148');
INSERT INTO `User` (`id`, `login`, `pass`) VALUES (73, 'etha.krajcik@gmail.com', '0f1746d1bc44043d4722f950a69a02');
INSERT INTO `User` (`id`, `login`, `pass`) VALUES (74, 'lynch.emelia@hilllsanford.info', 'a4dbdd2dd9fd82a0e78ec0e41dedaf');
INSERT INTO `User` (`id`, `login`, `pass`) VALUES (75, 'ilarson@kertzmann.com', '274b4ed90cb2356ef8bae9c5deb5cc');
INSERT INTO `User` (`id`, `login`, `pass`) VALUES (76, 'jayson.cartwright@wilderman.co', '748593ee411394fe57ce7ea29c85ad');
INSERT INTO `User` (`id`, `login`, `pass`) VALUES (77, 'dixie.simonis@altenwerth.org', 'b380db669e96d2365e3bf75891df06');
INSERT INTO `User` (`id`, `login`, `pass`) VALUES (78, 'pcrooks@bailey.org', '211aa741713f50facabca5cd10365d');
INSERT INTO `User` (`id`, `login`, `pass`) VALUES (79, 'cummings.reta@yahoo.com', 'fe3b0d1fe292cbbfd31ce1780accc6');
INSERT INTO `User` (`id`, `login`, `pass`) VALUES (80, 'crona.weldon@yahoo.com', '52fc808cfe53b3bef28116004b881a');
INSERT INTO `User` (`id`, `login`, `pass`) VALUES (81, 'whessel@gmail.com', 'df51035339ddb56c14ff5c854bd644');
INSERT INTO `User` (`id`, `login`, `pass`) VALUES (82, 'buster.jacobson@schmelerhamill', '3aceece85168fc74620ba767db569b');
INSERT INTO `User` (`id`, `login`, `pass`) VALUES (83, 'xgibson@ratke.com', 'eaa0e3fd112da38ce1f7e15eb3333a');
INSERT INTO `User` (`id`, `login`, `pass`) VALUES (84, 'maryse.thompson@koss.com', '9c17acb34dfcb6c5821ae55ab1b800');
INSERT INTO `User` (`id`, `login`, `pass`) VALUES (85, 'bednar.royal@lindgrenlakin.org', 'e6e97c6624c4ab4abd6d4b14728bb7');
INSERT INTO `User` (`id`, `login`, `pass`) VALUES (86, 'harvey.sage@ebertnikolaus.com', '1a988149e11180e7f93908d62a1763');
INSERT INTO `User` (`id`, `login`, `pass`) VALUES (87, 'zita95@hodkiewicz.com', 'f1992c58613fd54b9faf78ce95cce7');
INSERT INTO `User` (`id`, `login`, `pass`) VALUES (88, 'kelton53@hilpert.net', '88782bdffc1de8649eb8e2cc0d2375');
INSERT INTO `User` (`id`, `login`, `pass`) VALUES (89, 'wullrich@effertz.com', 'ea592348bff7d07dda720787d4cce3');
INSERT INTO `User` (`id`, `login`, `pass`) VALUES (90, 'stephany.johns@gmail.com', 'a3d1b69c697bafd700cca75177317e');
INSERT INTO `User` (`id`, `login`, `pass`) VALUES (91, 'dasia43@stamm.com', '46eaf7c75d7d7a963eea7caca7f95e');
INSERT INTO `User` (`id`, `login`, `pass`) VALUES (92, 'herdman@gmail.com', '1de5d0d67d85325b7aa91726ebc195');
INSERT INTO `User` (`id`, `login`, `pass`) VALUES (93, 'krajcik.samir@gmail.com', '582e68c1aefc715570f669239ee55a');
INSERT INTO `User` (`id`, `login`, `pass`) VALUES (94, 'kirsten79@gaylord.com', '798522a21a565005c8aac045bcf12b');
INSERT INTO `User` (`id`, `login`, `pass`) VALUES (95, 'kub.justyn@leannon.com', '9e5d04788fcd0f0dca5bfc78c70537');
INSERT INTO `User` (`id`, `login`, `pass`) VALUES (96, 'maggio.nathan@yahoo.com', '521c2f67e8a1d4fb34dbb27d7be301');
INSERT INTO `User` (`id`, `login`, `pass`) VALUES (97, 'edgar47@hotmail.com', '788a9acce3b407432fb295c62f2c46');
INSERT INTO `User` (`id`, `login`, `pass`) VALUES (98, 'tremblay.regan@hotmail.com', '56dbb324e06b9d9ac7d486449a1378');
INSERT INTO `User` (`id`, `login`, `pass`) VALUES (99, 'olson.kaia@hotmail.com', '5dd295a708eca2898dae8151fd6b8f');
INSERT INTO `User` (`id`, `login`, `pass`) VALUES (100, 'oreilly.marielle@boehmroob.co', 'e59e324930955ac6a5408686a16865');


